ID,EMPLOYEE,AGE,GENDER,CIVILSTATUS,MOBILE NUMBER,EMAIL ADDRESS,EMPLOYMENT TYPE,EMPLOYMENT STATUS
117,ALGOY MELVIN ,,MALE,,,meal@gmail.com,,Active
116,FABRICANTE JOHN PAUL ,,MALE,,,jofa@gmail.com,,Active
115,FAIGMANI MA. SHENALYN ,,FEMALE,,09158134455,mafa@gmail.com,,Active
114,SOLOMON JUNNEL ,,MALE,,,juso@gmail.com,,Active
113,AMANTE MARK JOHN ,,MALE,,,maam@gmail.com,,Active
112,LICAD ROGELIO ,,MALE,,09920455891,roli@gmail.com,,Active
111,RANARIO DALE ,,,,,dara@gmail.com,,Active
110,CUESTAS HERMIE ,,,,09530025124,hecu@gmail.com,,Active
109,BRITANIA JUNIL ,,MALE,,,jubr@gmail.com,,Active
108,ORDONIA DINMARK ,,MALE,,,dior@gmail.com,,Active
107,RECLA JESS ,,,,,jere@gmail.com,,Active
106,DE CASTRO MEL GREG ,,MALE,,,mede@gmail.com,,Active
105,BURLAZA MARK ERROL ,,MALE,,,mabu@gmail.com,,Active
104,BADILLA RODOLFO ,,MALE,,,roba@gmail.com,,Active
103,BURLAZA JOMARI ,,MALE,,,jobu@gmail.com,,Active
102,MARQUEZO MARBIN ,,MALE,,,mamar@gmail.com,,Active
101,GICA ALVIN ,,MALE,,,algi@gmail.com,,Active
100,LATERO RYAN ,,MALE,,,ryla@gmail.com,,Active
99,TAN BALTIMORE ,,,,,bata@gmail.com,,Active
98,SAITO JOSHUA ,,MALE,,09217988566,josa@gmail.com,,Active
97,ALCANTARA JONNIE ,,,,09393948242,joal@gmail.com,,Active
96,SANTOS JE ,,,,09302062811,jesa@gmail.com,,Active
95,CALIDRO RAFFY ,,MALE,,09942450026,raca@gmail.com,,Active
94,RODRIGUEZ JEROME ,,MALE,,09560419995,jero@gmail.com,,Active
93,NATIVIDAD RAYMART RYAN ,,MALE,,,rana@gmail.com,,Active
92,DELOVERGES HARVEY ,,MALE,,09938793397,hade@gmail.com,,Active
91,BANAGA JOENEL ,,MALE,,,joba@gmail.com,,Active
90,PULIRAN MARJHUN ,,MALE,,,mapu@gmail.com,,Active
89,BURLAZA ROWELL ,,MALE,,,robu@gmail.com,,Active
88,MANABAT RECIE ,,,,09661872153,reman@gmail.com,,Active
87,NAVARROZA ANGELO ,,MALE,,09972462486,anna@gmail.com,,Active
86,MARCOS MARC BENZON ,,MALE,,09603324638,mama@gmail.com,,Active
85,CABUSOG JEMSDIE ,,,,09067001223,jecab@gmail.com,,Active
84,TUBAN JONEL ,,MALE,,09153666375,jotu@gmail.com,,Active
83,CARPE NICCO ,,MALE,,,nica@gmail.com,,Active
82,ALMOETE RODEL ,,MALE,,09364118449,roal@gmail.com,,Active
81,VISTA HAYDIE ,,,,09984973134,havi@gmail.com,,Active
80,PAYO ERICK RYAN ,,MALE,,,erpa@gmail.com,,Active
79,MADRID JORDAN ,,MALE,,09515272329,joma@gmail.com,,Active
78,WANIWAN WENCELL ANN ,,FEMALE,,,wewa@gmail.com,,Active
77,NIEVES SIENA MAE ,,FEMALE,,09776366781,sini@gmail.com,,Active
76,BALBAR MARIA SOFIA ,,FEMALE,,09917138674,maba@gmail.com,,Active
75,DABLO KIMBERLY ,,FEMALE,,09761473028,kida@gmail.com,,Active
74,CASTROVERDE JESSA ,,FEMALE,,09124334373,jeca@gmail.com,,Active
73,ABALOS MARK JOSEPH ,,MALE,,09302077318,maab@gmail.com,,Active
72,BIBAR ROSE ANN ,,FEMALE,,09391074568,robi@gmail.com,,Active
71,SANTOS MARY JOYCE ,,FEMALE,,09079462526,masa@gmail.com,,Active
70,MEJIA MARK KENNETH ,,MALE,,09662953773,mame@gmail.com,,Active
69,VISTA GLYCERHIZA ,,FEMALE,,09466549948,glvi@gmail.com,,Active
68,DE RAMOS SHENNA ,,FEMALE,,09162897885,shde@gmail.com,,Active
67,RAMOGA FELICIANO ,,MALE,,,fera@gmail.com,,Active
66,SEVILLA NINA ANGELA ,,FEMALE,,09382844423,nise@gmail.com,,Active
65,MARIANO WENDY ,,FEMALE,,09493941004,wema@gmail.com,,Active
64,BANQUIL EUTROPIO ,,MALE,,,euba@gmail.com,,Active
63,RUBIA ALDHEN ,,MALE,,,alru@gmail.com,,Active
62,MORAL ANTONIO ,,,,,anmo@gmail.com,,Active
61,MABILANGAN REGINA ,,FEMALE,,,rema@gmail.com,,Active
60,CABARDO REYMAR ,,MALE,,,reca@gmail.com,,Active
59,CABALLERO JUNARD ,,MALE,,,juca@gmail.com,,Active
58,ABARIENTOS MICHAEL ,,MALE,,,miab@gmail.com,,Active
57,FELICIANO CHRISTIAN ,,MALE,,09851074213,chfe@gmail.com,,Active
56,ROXAS AL RECZON ,,MALE,,09217824433,alro@gmail.com,,Active
55,ORIEL LANDREW MARLON ,,MALE,,09603324638,laor@gmail.com,,Active
54,MOGOL EDESSA ,,FEMALE,,09276943177,edmo@gmail.com,,Active
53,GAA CARMELA ,,FEMALE,,09156927592,caga@gmail.com,,Active
52,CENTINO JESUS ,,MALE,,09451464136,jece@gmail.com,,Active
51,CARINO DOUGLAS ,,MALE,,,doca@gmail.co,,Active
50,BINABAY EULA MAUREEN ,,FEMALE,,09958929312,eubi@gmail.com,,Active
49,BATAC NOEL ,,MALE,,,noba@gmail.com,,Active
48,BASCO WILSON ,,MALE,,09292832238,wiba@gmail.com,,Active
47,ARCALIN JOSE ALBERT ,,MALE,,,joar@gmail.com,,Active
46,AMAHIT JASON ,,MALE,,09953496537,jaam@gmail.com,,Active
45,ABEJAR ARMIEGEL ,,FEMALE,,09219935635,arab@gmail.com,,Active
44,FUENTES MAE AN ,,FEMALE,,09912388674,mafu@gmail.com,,Active
43,URQUIOLA AMELY ,,FEMALE,,09693006835,amur@gmail.com,,Active
42,SISON TINA FLOR ,,FEMALE,,,tiso@gmail.com,,Active
41,MUNOZ SIMOUN ,,MALE,,09563269386,simu@gmail.com,,Active
40,METODA NICKY ,,MALE,,09069334526,nime@gmail.com,,Active
39,MARTINEZ JOHN FREDERICK ,,MALE,,09195896468,joma@gmail.com,,Active
38,MANALO RICA MAE ,,FEMALE,,,rima@gmail.com,,Active
37,JORGE KARL JANSEEN ,,FEMALE,,09260949984,kajo@gmail.com,,Active
36,DAYAP DEXTER ,,MALE,,09054960098,deda@gmail.com,,Active
35,BRIONES SHANLEY KATE ,,FEMALE,,09281544782,shbr@gmail.com,,Active
34,BISCOCHO JUDITH ,,FEMALE,,09692953610,jubi@gmail.com,,Active
33,BALAGUA VIRGINIA RHODELYN ,,FEMALE,,,viba@gmail.com,,Active
32,ABRASALDO NERWIN ,,FEMALE,,09929250071,neab@gmail.com,Regular,Active
